author,category,date,title
Esther Vaati,JavaScript for Designers,21 Jul 2025,"How to create an SVG viewer in HTML, CSS, and JavaScript"
Esther Vaati,HTML/CSS,2 Jul 2025,"Create a color contrast checker with HTML, CSS, and JavaScript"
Andrei Marius,Animated Graphics,13 Jun 2025,How to use Lotties in Figma
Esther Vaati,JavaScript for Designers,27 May 2025,How to create a glassmorphism generator tool
Esther Vaati,HTML/CSS,27 May 2025,"How to create infinite text scrolling in HTML, CSS, and JavaScript"
Abhin Sharma,HTML,24 Mar 2025,25 ridiculously impressive HTML5 canvas experiments
Jemima Abu,CSS,4 Mar 2025,Easy CSS slider (carousel with pure CSS)
Esther Vaati,JavaScript for Designers,23 Jan 2025,"Create a currency converter with HTML, CSS, and vanilla JavaScript"
Suzanne Scacca,WordPress Plugins,13 Jan 2025,What to do when one of your WordPress plugins gets compromised
George Martsoukos,Animation,3 Jan 2025,How to build horizontal marquee effects with GSAP
Veljko Ristić,Python,6 Sep 2024,Send email in Python with the API method: A step-by-step guide
Suzanne Scacca,WordPress Plugins,13 Aug 2024,How to clear the WordPress cache
Daniel Strongin,Android Templates,18 Jul 2021,15 Best Mobile App Templates on CodeCanyon
Franc Lucas,Plugin Development,16 Jul 2021,Best Classified Plugins for WordPress
Arooha Arif,Android Development,15 Jul 2021,Programming for Android: What Language to Use?
Monty Shokeen,JavaScript,12 Jul 2021,Best Free JavaScript Chart Libraries
Franc Lucas,Plugin Development,12 Jul 2021,Best Comments Plugins for WordPress and WooCommerce
Monty Shokeen,Coding Fundamentals,10 Jul 2021,How to Compare Dates in PHP
Monty Shokeen,JavaScript,9 Jul 2021,Creating Pretty Popup Messages Using SweetAlert2
Esther Vaati,React Native Templates,9 Jul 2021,Common React Native App Layouts: Login Page
Monty Shokeen,HTML,9 Jul 2021,Easy Form Validation With jQuery
Sajal Soni,JavaScript,9 Jul 2021,Catching and Responding to Keyboard Events in JavaScript
Nona Blackman,HTML,9 Jul 2021,10 Best Responsive HTML5 Sliders for Images and Text (Plus 3 Free Options)
Esther Vaati,PHP Scripts,8 Jul 2021,8 Best PHP Instagram Scripts and Bots in 2025
Daniel Stern,PHP Scripts,15 Aug 2021,19 PHP Login and Registration Forms to Download
Sajal Soni,Web APIs,15 Aug 2021,How to Get and Use HTML5 Data Attributes in JavaScript
Monty Shokeen,Coding Fundamentals,14 Aug 2021,How to Append to a File With PHP
Arooha Arif,Android Development,4 Aug 2021,How to Make Your First App in Java
Arooha Arif,Android Development,31 Jul 2021,How to Use Android Studio
Monty Shokeen,WordPress,30 Jul 2021,Understanding and Configuring the WordPress robots.txt File
Daniel Strongin,Android Templates,22 Jul 2021,18 Best eCommerce Android App Templates
Monty Shokeen,Coding Fundamentals,21 Jul 2021,How to Check if a File Exists in PHP
Sajal Soni,Coding Fundamentals,21 Jul 2021,Confirm Yes or No With JavaScript
Monty Shokeen,Android Templates,20 Jul 2021,How to Monetize an App: 21 Best Mobile Templates
Sajal Soni,OOP,20 Jul 2021,Understanding PHP Constructors
Sajal Soni,jQuery,19 Jul 2021,How to Enable or Disable a Button With JavaScript: jQuery vs. Vanilla
Franc Lucas,Coding Fundamentals,15 Aug 2023,Guide to Generative AI and Coding
Franc Lucas,JavaScript,14 Aug 2023,Learn JavaScript Dates
Franc Lucas,JavaScript,13 Aug 2023,Learn JavaScript Events
Claudio Simeone,WordPress,11 Aug 2023,Add a Custom Column in WordPress Posts and Custom Post Types Admin Screen
Kingsley Ubah,JavaScript,11 Aug 2023,Working With Nested Arrays in JavaScript
Jeremy McPeak,JavaScript,9 Aug 2023,3 Ways to Handle Events in JavaScript
Chike Mgbemena,Functional Programming,8 Aug 2023,"Kotlin From Scratch: Abstract Classes, Interfaces, Inheritance, and Type Alias"
Juliet Ofoegbu,JavaScript,7 Aug 2023,Use JavaScript APIs to Get the Current Date and Time
Gabriel Manricks,JavaScript,5 Aug 2023,An Introduction to Handlebars
Monty Shokeen,JavaScript,4 Aug 2023,Learn React 18: Using CSS Modules
Monty Shokeen,JavaScript,3 Aug 2023,Learn React 18: Using Controlled Inputs
Monty Shokeen,JavaScript,2 Aug 2023,Learn React 18: Using Uncontrolled Inputs
Esther Vaati,JavaScript for Designers,8 Aug 2024,How to create an auto “text typing effect” with vanilla JavaScript
Ashraff Hathibelagal,HTML,2 Aug 2024,How to create a JavaScript PDF viewer
George Martsoukos,JavaScript for Designers,31 Jan 2024,How to Integrate Bootstrap 5 Tabs With Chart.js
George Martsoukos,JavaScript for Designers,9 Jan 2024,Build a Simple YouTube App with Vanilla JavaScript
Daniel Strongin,WordPress,24 Nov 2023,How to Set Up WordPress Error Logs In Your WP-Config File
Esther Vaati,Functional Programming,22 Nov 2023,Higher Order Functions in JavaScript
Brenda Barron,HTML Templates,7 Nov 2023,12 Best Home Security HTML Website Templates for 2025
Franc Lucas,HTML Templates,5 Sep 2023,20 Best Fashion Sales Ads Banners Templates
Rachel McCollin,Plugin Development,1 Sep 2023,When to Use (And Not Use) a Mega Menu for Navigation
Kevin Muldoon,Theme Development,29 Aug 2023,How to Create a WordPress Author’s Page Template
Rachel McCollin,Plugin Development,16 Aug 2023,How to Make a Sticky Menu in WordPress
Rachel McCollin,Databases & SQL,15 Aug 2023,Understanding and Working With the WordPress Options Table
Esther Vaati,React Native Development,30 Aug 2021,What Is React Native?
Franc Lucas,PHP Scripts,30 Aug 2021,8 Best PHP Help-Desk Scripts and 5 Free Options
Arooha Arif,Android Development,29 Aug 2021,How to Generate APK and Signed APK Files in Android Studio
Esther Vaati,PHP Scripts,27 Aug 2021,13 Best PHP Email Forms
Monty Shokeen,Web Servers,21 Aug 2021,Using PHP urlencode and urldecode
Monty Shokeen,JavaScript,21 Aug 2021,15 Best JavaScript Calendar and Event Calendar Scripts of 2025
Monty Shokeen,JavaScript,20 Aug 2021,8 Best Free and Open-Source Drawing Libraries in JavaScript
Monty Shokeen,jQuery,20 Aug 2021,How to Create a Web Booking Form With the Smart Forms Script
Daniel Strongin,Android Templates,19 Aug 2021,25 Ways to Make a Beautiful Mobile App Design With Envato Elements
Arooha Arif,Android Development,17 Aug 2021,How to Add a Dropdown Menu in Android Studio
Monty Shokeen,PHP Scripts,16 Aug 2021,Create a PHP Login Form
Eric Dye,Plugin Development,16 Aug 2021,"25+ Best WooCommerce Plugins for Products, Pricing, Payments, and More"
Jeremy McPeak,Rest API,21 Sep 2021,Validate and Verify Emails With the mailboxlayer API
Monty Shokeen,PHP,21 Sep 2021,Scrape Search Engine Result Pages in Real Time With Zenserp
Sajal Soni,Security,20 Sep 2021,How to Hash and Decrypt With MD5 in JavaScript
Franc Lucas,Android Templates,18 Sep 2021,25 Best Android App Mockup Generators
Franc Lucas,iOS Templates,18 Sep 2021,8 Best iOS News App Templates
Franc Lucas,Game Development,18 Sep 2021,15+ Best iOS Game Templates
Erik Wurzer,PHP Scripts,17 Sep 2021,Why You Should Be Using PHP's PDO for Database Access
Sajal Soni,Coding Fundamentals,13 Sep 2021,How to Use PHP error_reporting For Easier Debugging
Monty Shokeen,Coding Fundamentals,7 Sep 2021,Data Extraction at Scale With Zenscrape
Sajal Soni,Coding Fundamentals,31 Aug 2021,How to Use Optional Function Parameters in JavaScript
Sajal Soni,Coding Fundamentals,31 Aug 2021,How to List Files in a Directory in PHP
Franc Lucas,Mobile Development,30 Aug 2021,20 Best Mobile App Promo Video Templates
Nitish Kumar,JavaScript,19 Jul 2023,How to Work With Time Zones in JavaScript
Collins Agbonghama,PHP,19 Jul 2023,WordPress Error Handling With the WP_Error Class
Jeremy McPeak,JavaScript,18 Jul 2023,Validating Email Addresses With Emailvalidation.io
Monty Shokeen,Machine Learning,18 Jul 2023,Tips for Effective Code-Generating ChatGPT Prompt Design
Daniel Strongin,Web Design,17 Jul 2023,How to Launch Your Career in WordPress: The Top WordPress Jobs to Consider
Gigi Sayfan,Python,13 Jul 2023,Python 3 Function Annotations
Nitish Kumar,Machine Learning,12 Jul 2023,Optimizing Code With ChatGPT
Nikola Malich,PHP,10 Jul 2023,Managing Cron Jobs With PHP
Esther Vaati,Cloud & Hosting,7 Jul 2023,Token-Based Authentication With Angular and Node
Nitish Kumar,Machine Learning,6 Jul 2023,Learn to Code Faster With ChatGPT
Eric Shafer,Databases & SQL,30 Jun 2023,10 Essential SQL Tips for Developers
Gigi Sayfan,Python,29 Jun 2023,How to Use Python Packages
Monty Shokeen,JavaScript,1 Aug 2023,Learn React 18: Writing Components as Classes
Nitish Kumar,Android Development,30 Jul 2023,Create a Music Player on Android: User Controls
Jeremy McPeak,JavaScript,30 Jul 2023,Formatting JavaScript Dates
Jeremy McPeak,JavaScript,29 Jul 2023,How to Implement Drag and Drop With JavaScript
Nitish Kumar,Android Development,29 Jul 2023,Create a Music Player on Android: Song Playback
Abder-Rahman Ali,Python,28 Jul 2023,Histogram Equalization in Python
Jeff Reifman,Testing,28 Jul 2023,Using Faker to Generate Filler Data for Automated Testing
Jeremy McPeak,JavaScript,28 Jul 2023,Using date-fns for Easy Date Manipulation
Ashraff Hathibelagal,Databases & SQL,28 Jul 2023,Android From Scratch: How to Store Application Data Locally
Nitish Kumar,Android Development,27 Jul 2023,Create a Music Player on Android: Project Setup
Sajal Soni,Databases & SQL,21 Jul 2023,Build a Newsletter System With PHP and MySQL
Gigi Sayfan,Python,20 Jul 2023,How to Write Your Own Python Packages
Monty Shokeen,JavaScript,23 Oct 2021,10 Best Free and Open-Source JavaScript Color Pickers
Daniel Strongin,HTML,19 Oct 2021,15 Best HTML5 and JavaScript Video Players (+5 Best Free Players)
Peleke Sengstacke,Functional Programming,16 Oct 2021,"How to Use Map, Filter, and Reduce in JavaScript"
Monty Shokeen,Coding Fundamentals,15 Oct 2021,How to Learn PHP
Franc Lucas,PHP Scripts,11 Oct 2021,7 PHP QR-Code Contactless Digital Restaurant Menus
Franc Lucas,Android Templates,11 Oct 2021,12 Android Templates to Inspire Your Next Project (+5 Free Templates)
Sajal Soni,Coding Fundamentals,9 Oct 2021,Understanding Function Currying in JavaScript—and When to Use It
Arooha Arif,Android Development,30 Sep 2021,How to Run an Android App on an Emulator
Erika Dosa,React Native Development,30 Sep 2021,How to Create Mobile App Animations With SVGator
Daniel Strongin,Android Templates,29 Sep 2021,13 Modern and Beautiful Mobile App UI Kits With Source Code
Sajal Soni,Functional Programming,27 Sep 2021,JavaScript map vs. forEach: When to Use Each One
Monty Shokeen,Game Development,26 Sep 2021,8 Best Free and Open-Source JavaScript Game Engines and Libraries
Monty Shokeen,Functional Programming,30 Nov 2021,Functional Programming in PHP With Lambda Functions
Monty Shokeen,PHP Scripts,28 Nov 2021,Comparing the 5 Best PHP Form Builders (And 3 Free Scripts)
Kingsley Ubah,Coding Fundamentals,28 Nov 2021,5 Real-Life Uses for the JavaScript reduce() Method
Sajal Soni,AJAX,27 Nov 2021,How to Use AJAX in PHP and jQuery
Neema Muganga,OOP,26 Nov 2021,Understanding Static Functions and Static Classes in PHP
Franc Lucas,Ionic Templates,11 Nov 2021,20+ Stunning Ionic App Templates and Ionic Themes
David Gwyer,Theme Development,10 Nov 2021,How to Change the Favicon in WordPress
Franc Lucas,iOS Templates,8 Nov 2021,13 Best Swift and Xcode App Templates (+2 Free)
Eric,jQuery,7 Nov 2021,Submit a Form Without Page Refresh Using jQuery
Monty Shokeen,Plugin Development,31 Oct 2021,Create a WordPress Under Construction Page
Sajal Soni,Coding Fundamentals,31 Oct 2021,How to Use parse_str in PHP
Daniel Strongin,jQuery,26 Oct 2021,24 Best jQuery Image Sliders
Monty Shokeen,JavaScript,14 Jun 2023,Understanding the Event Loop in JavaScript
Kingsley Ubah,Node,13 Jun 2023,How to Build Your Own AI With ChatGPT API
Monty Shokeen,JavaScript,9 Jun 2023,"How to Get and Set the Day, Month, Year, or Time in JavaScript"
Monty Shokeen,JavaScript,8 Jun 2023,How to Add or Subtract Days (And More) From Dates in Vanilla JavaScript
Nitish Kumar,JavaScript,31 May 2023,How to Load in and Animate Content With Vanilla JavaScript
Franc Lucas,JavaScript,31 May 2023,Learn JavaScript Arrays
Franc Lucas,JavaScript,31 May 2023,Learn Asynchronous Programming in JavaScript
Franc Lucas,JavaScript,31 May 2023,Learn DOM Manipulation in JavaScript
Jeff Reifman,JavaScript,30 May 2023,How to Build a User Tour With Shepherd in JavaScript
Burak Guzel,PHP,29 May 2023,Understanding Hash Functions and Keeping Passwords Safe
Nitish Kumar,Tools,29 May 2023,Android SDK: Create a Barcode Reader
Nitish Kumar,Animation,26 May 2023,Creating Animations With MotionLayout for Android
Franc Lucas,Machine Learning,28 Jun 2023,20 Best PHP AI Tools on CodeCanyon
Bilal Shahid,Rest API,28 Jun 2023,WP REST API: Retrieving Data
Nitish Kumar,Android Development,27 Jun 2023,How to Add Multiple Selection to Android RecyclerView
Abder-Rahman Ali,Python,27 Jun 2023,List to Graph: How to Represent Your List as a Graph in Python
Sajal Soni,OOP,26 Jun 2023,How to Create an Object-Oriented Blog Using PHP
Nitish Kumar,Tools,24 Jun 2023,Getting Started With RecyclerView and CardView on Android
Monty Shokeen,JavaScript,23 Jun 2023,How to Add and Remove Event Listeners in JavaScript
Kingsley Ubah,JavaScript,23 Jun 2023,Tips for Generating Code With ChatGPT
Roy Agasthyan,JavaScript,22 Jun 2023,Using Luxon for Date and Time in JavaScript
Nitish Kumar,JavaScript,19 Jun 2023,Best JavaScript Date and Time Libraries
Juliet Ofoegbu,JavaScript,16 Jun 2023,Types of Events in JavaScript: Common Keyboard and Mouse Events
Nitish Kumar,JavaScript,15 Jun 2023,Handling Keyboard Events in JavaScript
Sajal Soni,Coding Fundamentals,31 Dec 2021,How to Count Words in JavaScript
Neema Muganga,Coding Fundamentals,30 Dec 2021,Read a CSV to an Array in PHP
Sajal Soni,Coding Fundamentals,28 Dec 2021,How to Capitalize the First Letter of Each Word (Title Case) in JavaScript
Monty Shokeen,SVG,28 Dec 2021,The 8 Best Free Data Visualization Libraries for JavaScript in 2025
Monty Shokeen,Coding Fundamentals,26 Dec 2021,How to Use Yield and Generators in PHP
Sajal Soni,Coding Fundamentals,26 Dec 2021,How to Change the Date Format in JavaScript
Jeremy McPeak,Rest API,24 Dec 2021,eSigning Documents With Eversign
Kingsley Ubah,AJAX,21 Dec 2021,Create a JavaScript AJAX Post Request: With and Without jQuery
Kingsley Ubah,Coding Fundamentals,20 Dec 2021,Adding and Removing Elements From Arrays in JavaScript
Sajal Soni,Coding Fundamentals,20 Dec 2021,PHP Exceptions: Try Catch for Error Handling
Monty Shokeen,Coding Fundamentals,19 Dec 2021,Get Command-Line Arguments With PHP $argv or getopt()
Monty Shokeen,PHP,30 Nov 2021,PHP Type Casting: A Complete Guide
Sajal Soni,HTML,28 Jan 2022,Best JavaScript Date Picker Widgets
Monty Shokeen,Coding Fundamentals,28 Jan 2022,"TypeScript for Beginners, Part 2: Basic Data Types"
Jeffrey Way,Coding Fundamentals,27 Jan 2022,30 JavaScript Best Practices for Beginners
Monty Shokeen,JavaScript,26 Jan 2022,8 Best Free Open-Source JavaScript Timelines
Kingsley Ubah,HTML/CSS,22 Jan 2022,How to Create Presentation Slides With HTML and CSS
Kingsley Ubah,Coding Fundamentals,19 Jan 2022,How to Iterate Over Object Properties in JavaScript
Neema Muganga,Coding Fundamentals,17 Jan 2022,How to Use assert() in PHP
Cho S. Kim,Coding Fundamentals,13 Jan 2022,Data Structures With JavaScript: Tree
Monty Shokeen,Coding Fundamentals,10 Jan 2022,Add Days to a Date With PHP DateInterval
Glen Stansberry,Coding Fundamentals,31 Dec 2021,30+ PHP Best Practices for Beginners
Sajal Soni,PHP Scripts,31 Dec 2021,PHP Magic Methods Cheatsheet
Monty Shokeen,Coding Fundamentals,31 Dec 2021,Pop and Shift Arrays With PHP: When to Use Each One
Monty Shokeen,JavaScript,30 Apr 2023,"How to Get Elements by Class, ID, Tag Name, or Selector in JavaScript"
Evert Padje,Databases & SQL,30 Apr 2023,How to Create a PHP/MySQL Powered Forum From Scratch
Abder-Rahman Ali,Python,30 Apr 2023,Introducing Python's Matplotlib Library
Daniel Strongin,WordPress,30 Apr 2023,Why Isn't Your WordPress Site Posting to Facebook? Common Causes and Fixes
Carina Javier,Theme Development,30 Apr 2023,Customizing and Styling the Password-Protected Form in WordPress
Monty Shokeen,JavaScript,28 Apr 2023,Using async and await in JavaScript
Daniel Strongin,PHP Scripts,28 Apr 2023,20+ Most Useful PHP Scripts for 2025
Monty Shokeen,JavaScript,28 Apr 2023,"Insert, Replace, or Remove Child Elements in JavaScript"
Nitish Kumar,JavaScript,27 Apr 2023,"Inserting Text, HTML, or Elements at Adjacent Positions Using JavaScript"
Franc Lucas,Android Templates,27 Apr 2023,20+ Best Android App Templates for 2025
Juliet Ofoegbu,JavaScript,26 Apr 2023,The Downside of Using innerHTML to Manipulate the DOM and Some Alternatives
Divya Dev,React,25 Apr 2023,"Creating a Blogging App Using React, Part 3: Add & Display Posts"
Gigi Sayfan,Tools,25 May 2023,What Are the Best Golang IDEs?
Ashraff Hathibelagal,Android Templates,23 May 2023,My First App: How to Create Your First Android App Step by Step
Kingsley Ubah,Coding Fundamentals,22 May 2023,Pros and Cons of Using AI for Coding
Monty Shokeen,PHP,19 May 2023,10 Wonderfully Creative Uses for PHP
Daniel Strongin,WordPress,19 May 2023,Setting Up the Lana Passport - OAuth2 Plugin for WordPress Websites
Jonathan Cutrell,Coding Fundamentals,18 May 2023,Base What? A Practical Introduction to Base Encoding
Juliet Ofoegbu,Coding Fundamentals,17 May 2023,15 Important Considerations for Choosing a Web Dev Framework
Juliet Ofoegbu,Version Control & Git,15 May 2023,Team Collaboration With GitHub
Kingsley Ubah,Coding Fundamentals,15 May 2023,Getting Started With GitHub Copilot in Visual Studio Code
Nitish Kumar,jQuery,10 May 2023,How to Load in and Animate Content With jQuery
Monty Shokeen,JavaScript,30 Apr 2023,Best Free JavaScript DOM Manipulation Libraries
Franc Lucas,HTML,30 Apr 2023,15 Best HTML5 Audio Players for Websites
Cho S. Kim,Coding Fundamentals,15 Feb 2022,Data Structures With JavaScript: Stack and Queue
Monty Shokeen,Python,13 Feb 2022,Scraping Webpages in Python With Beautiful Soup: The Basics
Ludovico Fischer,AJAX,13 Feb 2022,A Beginner’s Guide to HTTP and REST
Jessica Thornsby,Plugin Development,12 Feb 2022,Using a WooCommerce Related Products Plugin
Kingsley Ubah,jQuery,12 Feb 2022,"How to Create a Drop-Down Nav Menu With HTML5, CSS3, and JQuery"
Monty Shokeen,Python,12 Feb 2022,Compressing and Extracting Files in Python
Divya Dev,Angular,11 Feb 2022,Beginner's Guide to Angular: Components
Monty Shokeen,JavaScript,31 Jan 2022,Best Free and Open-Source JavaScript Table Libraries
Monty Shokeen,PHP Scripts,30 Jan 2022,20 Useful Laravel Packages Available on CodeCanyon (And 3 Free)
Pavan Podila,Web Servers,30 Jan 2022,HTTP: The Protocol Every Web Developer Must Know—Part 1
Monty Shokeen,Coding Fundamentals,29 Jan 2022,How to Code a Random Color Generator in JavaScript
Kingsley Ubah,PHP,28 Jan 2022,How to Check Your WordPress PHP Version
Jason Lengstorf,OOP,24 Feb 2022,Object-Oriented PHP for Beginners
Kingsley Ubah,React,24 Feb 2022,Understanding Forms and Events in React
Dogacan Bilgili,React,24 Feb 2022,Introduction to API Calls With React and Axios
Neema Muganga,Coding Fundamentals,24 Feb 2022,How to Check If a Function Exists in Java Script
Monty Shokeen,Python,23 Feb 2022,Mathematical Modules in Python: Math and Cmath
Sajal Soni,Laravel,21 Feb 2022,How to Register and Use Laravel Service Providers
Franc Lucas,JavaScript,21 Feb 2022,4 Best Real User Monitoring Tools for 2025
Franc Lucas,Coding Fundamentals,19 Feb 2022,4 Best Error and Crash Reporting Tools for 2025
Giles Lavelle,Django,19 Feb 2022,Python From Scratch: Create a Dynamic Website
Sajal Soni,JavaScript,18 Feb 2022,How to Do a Bubble Sort in JavaScript
Monty Shokeen,Game Development,17 Feb 2022,11 Best Android Game Templates
Manjunath M,React,17 Feb 2022,Stateful vs. Stateless Functional Components in React
Andrew Burgess,jQuery,30 Mar 2023,12 Helpful jQuery Methods You Should Be Using
Esther Vaati,Machine Learning,30 Mar 2023,Introduction to Machine Learning in Python
Sajal Soni,PHP,29 Mar 2023,How to Create a MySQL-Powered Forum From Scratch in Laravel
Kingsley Ubah,WordPress,28 Mar 2023,"How to Fix a ""WordPress Not Sending Email"" Issue"
Nitish Kumar,JavaScript,28 Mar 2023,How to Wait in JavaScript
Nitish Kumar,JavaScript,27 Mar 2023,Using the Promise.all() and Promise.allSettled() Methods in JavaScript
Jeremy McPeak,JavaScript,27 Mar 2023,Converting and Transforming Arrays in JavaScript
Monty Shokeen,JavaScript,27 Mar 2023,Understanding Promises in JavaScript: The Basics
Kingsley Ubah,JavaScript,27 Mar 2023,How to Use Callback Functions in JavaScript and ES6
Glen Stansberry,Django,26 Mar 2023,10 Insanely Useful Django Tips
Juliet Ofoegbu,Web APIs,25 Mar 2023,Use querySelector to Add and Remove Element Class Names
Gigi Sayfan,React,25 Mar 2023,Fetching Data in Your React Application
Franc Lucas,Android Templates,25 Apr 2023,20+ Best Flutter Mobile App Templates on CodeCanyon in 2025
Nitish Kumar,JavaScript,20 Apr 2023,"How to Find the Parents, Siblings, and Children of an Element Using the JavaScript DOM"
Ashish Trivedi,Databases & SQL,20 Apr 2023,Full-Text Search in MongoDB
Monty Shokeen,JavaScript,18 Apr 2023,How to Use DOM to Change Attributes and Classes of Elements
Ryan Hodson,Version Control & Git,17 Apr 2023,Rewriting History With Git Rebase
Juliet Ofoegbu,JavaScript,17 Apr 2023,Best Practices for Efficient DOM Manipulation in JavaScript
David Gwyer,Tools,14 Apr 2023,The 5 Best IDEs for WordPress Development (And Why)
Franc Lucas,JavaScript,31 Mar 2023,Learn Functional Programming in JavaScript
Divya Dev,React,31 Mar 2023,"Creating a Blogging App Using React, Part 2: User Sign-Up"
Jeffrey Way,Coding Fundamentals,31 Mar 2023,Do You Suffer From the Dunning-Kruger Effect?
Nitish Kumar,Android Development,30 Mar 2023,Android UI Workshop: Build an Interactive Quiz App
Umar Hansa,AJAX,30 Mar 2023,Start Using HTML5 WebSockets Today With a PHP Server
Monty Shokeen,Bootstrap,13 Mar 2022,18 Best Bootstrap 4 Plugins
Sajal Soni,Laravel,10 Mar 2022,Exception Handling in Laravel
Andy Matthews,Django,10 Mar 2022,Beginner's Guide to the Django Rest Framework
Monty Shokeen,Python,9 Mar 2022,Mathematical Modules in Python: Random
Franc Lucas,Android Templates,8 Mar 2022,15 Best Flutter Mobile App Templates for Communication
Kingsley Ubah,Coding Fundamentals,8 Mar 2022,The Best Way to Deep Copy an Object in JavaScript
Shalabh Aggarwal,Rest API,7 Mar 2022,Building RESTful APIs With Flask: The DIY Approach
Sajal Soni,OOP,27 Feb 2022,How to Implement the Singleton Pattern in JavaScript ES6+
Sajal Soni,Laravel,26 Feb 2022,How to Send Emails in Laravel
Jay,Databases & SQL,26 Feb 2022,Creating a Web App From Scratch Using Python Flask and MySQL
Monty Shokeen,JavaScript,25 Feb 2022,Getting Started With Chart.js: Line and Bar Charts
Abder-Rahman Ali,Python,24 Feb 2022,How to Merge Two Python Dictionaries
Vardhan Agrawal,Terminal and CLI,25 Mar 2022,Command Line Basics and Useful Tricks With the Terminal
Esther Vaati,Python,23 Mar 2022,Sending Emails in Python With SMTP
Monty Shokeen,JavaScript,23 Mar 2022,"TypeScript for Beginners, Part 4: Classes"
Brad Manderscheid,HTML,23 Mar 2022,Create an HTML5 Canvas Tile-Swapping Puzzle
Divya Dev,Angular,23 Mar 2022,Beginner's Guide to Angular: Routing
Monty Shokeen,Regular Expressions,23 Mar 2022,JavaScript Regex Cheat Sheet
Sajal Soni,Laravel,22 Mar 2022,Deferring Tasks in Laravel Using Queues
Alberta Williams,Coding Fundamentals,21 Mar 2022,Understanding Recursion With JavaScript
Monty Shokeen,OOP,21 Mar 2022,"TypeScript for Beginners, Part 3: Interfaces"
Monty Shokeen,Coding Fundamentals,16 Mar 2022,Best Free and Open-Source JavaScript Photo Galleries
Monty Shokeen,JavaScript,14 Mar 2022,"TypeScript for Beginners, Part 1: Getting Started"
Divya Dev,Angular,14 Mar 2022,Beginner's Guide to Angular: HTTP
Juliet Ofoegbu,Coding Fundamentals,26 Feb 2023,Timing Events in JavaScript: setTimeout and setInterval
Franc Lucas,HTML,26 Feb 2023,13 Best HTML5 Game Templates of 2025 With Source Code
Jeremy McPeak,Terminal and CLI,25 Feb 2023,Vue.js Tutorial: Beginner to Front-End Developer
Kingsley Ubah,JavaScript,24 Feb 2023,Sorting Values With JavaScript
Sajal Soni,AWS,24 Feb 2023,How to Use Amazon S3 & PHP to Dynamically Store and Manage Files With Ease
Sajal Soni,PHP,23 Feb 2023,How to Code a Signup Form With Email Confirmation
Juliet Ofoegbu,Version Control & Git,22 Feb 2023,Git on Windows Made Easy With GitHub Desktop
Nitish Kumar,Coding Fundamentals,22 Feb 2023,Useful Methods for Arrays in the Lodash Library
Franc Lucas,PHP Scripts,22 Feb 2023,12 Best CRM & Project Management PHP Scripts (With 3 Free)
Monty Shokeen,HTML,22 Feb 2023,Lazy Loading Images Using HTML and JavaScript
Chinedu Izuchukwu,Android Development,21 Feb 2023,How to Upload Images to Firebase From an Android App
Kingsley Ubah,React Native Development,21 Feb 2023,How to Upload Images to Firebase from a React Native App
Sajal Soni,Databases & SQL,25 Mar 2023,Real-World OOP With PHP and MySQL
Monty Shokeen,jQuery,24 Mar 2023,"Building a 5-Star Rating System With jQuery, AJAX, and PHP"
Divya Dev,Coding Fundamentals,23 Mar 2023,Remove Duplicates From an Array in JavaScript
Jeremy McPeak,Coding Fundamentals,22 Mar 2023,Searching Arrays in JavaScript
Gigi Sayfan,Rest API,21 Mar 2023,REST vs. gRPC: Battle of the APIs
Ashraff Hathibelagal,Cloud & Hosting,1 Mar 2023,Get Started With Firebase for Android
David Sale,Testing,28 Feb 2023,How to Begin With Test-Driven Development in Python
Sajal Soni,PHP,28 Feb 2023,Sanitize and Validate Data With PHP Filters
Esther Vaati,jQuery,28 Feb 2023,7 Best jQuery Flipbook Plugins Compared (Free and Paid)
Nitish Kumar,Tools,28 Feb 2023,Getting Started With Android Studio
Manjunath M,Angular,27 Feb 2023,Introduction to Forms in Angular: Template-Driven Forms
Monty Shokeen,PHP Scripts,27 Feb 2023,15 Best PHP Event Calendar and Booking Scripts... and 3 Free Options
Shalabh Aggarwal,Design Patterns,11 Apr 2022,Building RESTful APIs With Flask: An ORM With SQLAlchemy
Jay,Databases & SQL,11 Apr 2022,Creating a Web App From Scratch Using Python Flask and MySQL: Part 2
Jeremy McPeak,Security,2 Apr 2022,Free and Reliable SSL for Everyone With ZeroSSL
Sajal Soni,Laravel,31 Mar 2022,How to Create a Custom Authentication Guard in Laravel
Sajal Soni,Laravel,31 Mar 2022,How Laravel Broadcasting Works
Franc Lucas,Android Templates,31 Mar 2022,7 Best Android Photo App Templates
Franc Lucas,iOS Templates,31 Mar 2022,9 Best iOS Photo App Templates
Manjunath M,Vue.js,31 Mar 2022,Awesome JavaScript Libraries and Frameworks You Should Know About
Andrew Burgess,Terminal and CLI,31 Mar 2022,16 Terminal Commands That Will Boost Your Productivity
Sajal Soni,Laravel,28 Mar 2022,Eloquent Mutators and Accessors in Laravel
Noah Hendrix,Web Servers,26 Mar 2022,Using .htaccess Files for Pretty URLs
Sajal Soni,PHP Scripts,26 Mar 2022,How to Use PHP in HTML
Sajal Soni,Laravel,18 Apr 2022,Gates and Policies in Laravel
Monty Shokeen,JavaScript,15 Apr 2022,Getting Started With Chart.js: Radar and Polar Area Charts
Kingsley Ubah,React,15 Apr 2022,Understanding Nested Routing in React
Kingsley Ubah,Coding Fundamentals,15 Apr 2022,How Long Does It Take to Learn JavaScript?
Nona Blackman,HTML,14 Apr 2022,9 More Popular HTML5 Projects for You to Use and Study
Monty Shokeen,Python,14 Apr 2022,Mathematical Modules in Python: Statistics
Sajal Soni,PHP Scripts,14 Apr 2022,How to Make a Live Chat Script in PHP
Monty Shokeen,HTML,12 Apr 2022,Particles.js: Introduction
Monty Shokeen,JavaScript,12 Apr 2022,Getting Started With Chart.js: Introduction
Sajal Soni,Laravel,12 Apr 2022,Set Up an OAuth2 Server Using Passport in Laravel
Chike Mgbemena,Android Development,11 Apr 2022,"Kotlin From Scratch: Variables, Basic Types, and Arrays"
Abder-Rahman Ali,OOP,11 Apr 2022,Base64 Encoding and Decoding Using Python
Nitish Kumar,Android Development,28 Jan 2023,Android SDK: Virtual & Physical Devices
Gigi Sayfan,Python,26 Jan 2023,Modern Web Scraping With Beautiful Soup and Selenium
Nitish Kumar,Tools,26 Jan 2023,Android SDK: Working With Android Studio
Monty Shokeen,Theme Development,24 Jan 2023,How to Get and Set Featured Image Sizes in Your WordPress Theme
Lalith Polepeddi,Python,22 Jan 2023,Intro to Flask: Adding a Contact Page
Lalith Polepeddi,Python,21 Jan 2023,An Introduction to Python’s Flask Framework
Jacob Jackson,PHP,19 Jan 2023,HTML Parsing and Screen Scraping With the Simple HTML DOM Library
Abder-Rahman Ali,Python,19 Jan 2023,Image Enhancement in Python
Monty Shokeen,HTML,19 Jan 2023,Local Storage and Session Storage in JavaScript
Monty Shokeen,Python,19 Jan 2023,PyQuery: Python's jQuery
Daniel Strongin,Plugin Development,1 Jan 2023,How to Enable Digital Downloads in WooCommerce
Joash Xu,jQuery,31 Dec 2022,Create a Cool Animated Navigation With CSS3
Monty Shokeen,Coding Fundamentals,20 Feb 2023,Iterating Over Arrays in JavaScript: 4 Methods Compared
Nitish Kumar,Coding Fundamentals,19 Feb 2023,Working With 2D Arrays in JavaScript
Divya Dev,Coding Fundamentals,19 Feb 2023,Merge Arrays in JavaScript: With and Without Duplicates
Jeremy McPeak,PHP Scripts,15 Feb 2023,PHP Tutorial for Beginners: Free 7-Hour Course
Daniel Strongin,WordPress,14 Feb 2023,How to Edit a WordPress Permalink
Monty Shokeen,JavaScript,31 Jan 2023,Generate Random Numbers and Strings in JavaScript
Monty Shokeen,JavaScript,31 Jan 2023,Read and Create Cookies in JavaScript
Abder-Rahman Ali,Python,31 Jan 2023,Canny Edge Detector Using Python
Franc Lucas,Laravel,30 Jan 2023,How to Build a REST API With Laravel
Franc Lucas,PHP Scripts,30 Jan 2023,8 Best PHP CRUD Generators and Frameworks on CodeCanyon
Monty Shokeen,CSS,30 Jan 2023,"Best Ways to Preload Images Using JavaScript, CSS, and HTML"
Franc Lucas,HTML,28 Jan 2023,19 Best HTML5 and JavaScript Game Engines and Templates
Monty Shokeen,WordPress,30 Apr 2022,How to Customize the WooCommerce Checkout Page
Sajal Soni,Coding Fundamentals,29 Apr 2022,How to Check if an Object Is Empty in JavaScript
Manjunath M,React,29 Apr 2022,Angular vs. React: 7 Key Features Compared
Monty Shokeen,JavaScript,28 Apr 2022,"Getting Started With Chart.js: Pie, Doughnut, and Bubble Charts"
Shalabh Aggarwal,Rest API,27 Apr 2022,Building RESTful APIs With Flask: ORM Independent
Monty Shokeen,CSS,27 Apr 2022,Particles.js: Motion and Interaction
Monty Shokeen,Python,25 Apr 2022,Mathematical Modules in Python: Decimal and Fractions
Divya Dev,Angular,20 Apr 2022,Beginner's Guide to Angular: Services
Monty Shokeen,JavaScript,20 Apr 2022,How to Crop or Resize an Image With JavaScript
Chike Mgbemena,Android Development,19 Apr 2022,Kotlin From Scratch: Ranges and Collections
Monty Shokeen,CSS,18 Apr 2022,Particles.js: Control Particle Count and Shape
Franc Lucas,Android Templates,18 Apr 2022,10 Best Android News App Templates
Alberta Williams,Coding Fundamentals,10 May 2022,The Binary Search Algorithm in JavaScript
Chike Mgbemena,Functional Programming,10 May 2022,Kotlin From Scratch: Classes and Objects
Roy Agasthyan,Terminal and CLI,9 May 2022,Managing Cron Jobs Using Python
Monty Shokeen,Coding Fundamentals,7 May 2022,How to Create a Multiline String in PHP: 3 Methods
Monty Shokeen,Coding Fundamentals,7 May 2022,Write to Files and Read Files With PHP
Franc Lucas,Android Templates,7 May 2022,9 Best Android App Templates for Business
Jeremy McPeak,Rest API,30 Apr 2022,Advanced File Upload and Content Management With Filestack
Franc Lucas,Plugin Development,30 Apr 2022,How to Choose a WordPress Slider or Carousel Plugin in 2025
Chike Mgbemena,Coding Fundamentals,30 Apr 2022,Kotlin From Scratch: Packages and Basic Functions
Sajal Soni,PHP,30 Apr 2022,Send Emails in PHP Using Symfony Mailer
Pavan Podila,Web Servers,30 Apr 2022,HTTP: The Protocol Every Web Developer Must Know—Part 2
Monty Shokeen,JavaScript,30 Apr 2022,Getting Started With Chart.js: Axes and Scales
Suciu Vlad,PHP Scripts,15 Dec 2022,Build a Shopping Cart With PHP and MySQL
Sajal Soni,OOP,15 Dec 2022,Object-Oriented PHP With Classes and Objects
Esther Vaati,Django,15 Dec 2022,JWT Authentication in Django
Daniel Strongin,Theme Development,15 Dec 2022,How to Hide a Page Title in WordPress
Divya Dev,Angular,15 Dec 2022,How to Upload and Download CSV Files With Angular
Lynda Chiwetelu,Databases & SQL,14 Dec 2022,Using Illuminate Database With Eloquent in Your PHP App Without Laravel
Sajal Soni,Coding Fundamentals,14 Dec 2022,Understand Arrays in PHP
Kingsley Ubah,Databases & SQL,12 Dec 2022,Getting Started With MySQL
Muhammad Haris,WordPress,10 Dec 2022,Create WordPress Plugins With OOP Techniques
Nitish Kumar,Python,30 Nov 2022,How to Create and Edit PDF Documents in Python
Divya Dev,HTML,30 Nov 2022,Infinite Scroll Pagination With JavaScript and a REST API
Alberta Williams,Coding Fundamentals,30 Nov 2022,"Learn to Code With JavaScript: Part 4, Functions"
Franc Lucas,Android Development,30 Dec 2022,Learn Kotlin for Android
Franc Lucas,jQuery,30 Dec 2022,Learn jQuery
Mark Dunne,Python,30 Dec 2022,The Best Way to Learn Python
Esther Vaati,Python,29 Dec 2022,How to Download Files in Python
Monty Shokeen,Python,29 Dec 2022,Using the Requests Module in Python
Sajal Soni,PHP Scripts,27 Dec 2022,How to Create a Simple Event Calendar for Your PHP Website
Abder-Rahman Ali,Python,27 Dec 2022,Introducing the Natural Language Toolkit (NLTK)
Nitish Kumar,Android Development,27 Dec 2022,Android SDK: App Resources
Nitish Kumar,Android Development,26 Dec 2022,Android SDK: Project Manifest
Sandamal Siripathi,iOS Development,16 Dec 2022,Mobile Development Languages
Esther Vaati,Django,16 Dec 2022,How to Cache Using Redis in Django Applications
Shalabh Aggarwal,Python,16 Dec 2022,Templating With Jinja2 in Flask: Essentials
Nona Blackman,Android Templates,23 May 2022,10 Best Multi-Purpose Android App Templates
Sajal Soni,Laravel,21 May 2022,How to Create a Laravel Helper
Monty Shokeen,Coding Fundamentals,21 May 2022,How to Return Multiple Values From a PHP Function
Franc Lucas,HTML,21 May 2022,How to Pick a WordPress Form Builder Plugin
Gigi Sayfan,Python,20 May 2022,Understand How Much Memory Your Python Objects Use
Sajal Soni,Laravel,20 May 2022,Custom Events in Laravel
Kingsley Ubah,Coding Fundamentals,20 May 2022,How to Iterate Over Object Keys With JavaScript
Monty Shokeen,Coding Fundamentals,20 May 2022,Render Text and Shapes on Images in PHP
Anisat Akinbani,React,19 May 2022,Introduction to Animations in React
Krasimir Tsonev,Node,18 May 2022,Build a Complete MVC Website With Express
Monty Shokeen,jQuery,13 May 2022,10 Best Free Open-Source JavaScript Lightbox Widgets and Plugins
Monty Shokeen,PHP Scripts,11 May 2022,18 Best Contact Form PHP Scripts for 2025
Maciej Sopyło,Node,27 May 2022,Node.js for Beginners
Rachel McCollin,PHP,26 May 2022,WP_Query Arguments: Taxonomies
Gigi Sayfan,Python,26 May 2022,Serialization and Deserialization of Python Objects: Part 1
Chike Mgbemena,Functional Programming,25 May 2022,Kotlin From Scratch: More Fun With Functions
Franc Lucas,Plugin Development,25 May 2022,11 Best WordPress Advertising Plugins of 2025
Esther Vaati,Node,25 May 2022,File Upload With Multer in Node.js and Express
Manjunath M,React,24 May 2022,"Build a React App With a Laravel Back End: Part 2, React"
Rachel McCollin,PHP,24 May 2022,"WP_Query Arguments: Posts, Pages, and Post Types"
Sajal Soni,Laravel,24 May 2022,Notifications in Laravel
Jonathan Cutrell,Version Control & Git,24 May 2022,How to Collaborate on GitHub
Monty Shokeen,Python,24 May 2022,Scraping Webpages in Python With Beautiful Soup: Search and DOM Modification
Franc Lucas,Android Templates,23 May 2022,10 Best Restaurant App Templates
Monty Shokeen,JavaScript,22 Nov 2022,Best Free and Open-Source JavaScript Data Grid Libraries and Widgets
Sajal Soni,jQuery,21 Nov 2022,How to Build a Simple jQuery Slider
Franc Lucas,Web APIs,19 Nov 2022,Learn Modern JavaScript Fundamentals in 7 Hours: Free Course
Gigi Sayfan,Python,18 Nov 2022,How to Implement Your Own Data Structure in Python
Shalabh Aggarwal,Authentication,18 Nov 2022,Flask Authentication With LDAP
Divya Dev,Web APIs,18 Nov 2022,Start Using HTML5 WebSockets With a Node.js Server
George-Bogdan Ivanov,Python,15 Nov 2022,Introduction to Parallel and Concurrent Programming in Python
Divya Dev,HTML,13 Nov 2022,Extend HTML With Custom Tags and the Shadow DOM
Tom McFarlin,jQuery,10 Nov 2022,What Is jQuery?
Vasili,jQuery,8 Nov 2022,Creating a Keyboard With CSS and jQuery
Glen Stansberry,PHP,1 Nov 2022,Top 20 Most Usable Content Management Systems
Franc Lucas,Mobile Development,31 Oct 2022,20 Best iOS App Mockup Generators
Franc Lucas,Laravel,30 Nov 2022,How to Install Laravel on Windows
Sue Smith,Android Development,30 Nov 2022,Android SDK: Common Android Components
Ashish Trivedi,Databases & SQL,30 Nov 2022,Mapping Relational Databases and SQL to MongoDB
Alberta Williams,Coding Fundamentals,29 Nov 2022,"Learn to Code With JavaScript: Part 3, Loops"
Alberta Williams,Coding Fundamentals,28 Nov 2022,"Learn to Code With JavaScript: Part 2, Conditionals"
Abder-Rahman Ali,Python,28 Nov 2022,How to Work With PDF Documents Using Python
Benjamin Intal,Theme Development,28 Nov 2022,How to Pass PHP Data and Strings to JavaScript in WordPress
Burak Guzel,Databases & SQL,24 Nov 2022,SQL for Beginners
Monty Shokeen,Cloud & Hosting,24 Nov 2022,Create JavaScript and HTML5 Forms for Free
Siddharth,Security,22 Nov 2022,Build a Simple Password Strength Checker
Shane Conder & Lauren Darcey,Coding Fundamentals,22 Nov 2022,Learn Java for Android Development: Java Syntax
Gigi Sayfan,Terminal and CLI,22 Nov 2022,Docker From the Ground Up: Building Images
Sajal Soni,Laravel,14 Jun 2022,How to Set Up a Full-Text Search Using Scout in Laravel
Monty Shokeen,PHP,13 Jun 2022,How to Zip and Unzip Files in PHP
Roy Agasthyan,Python,13 Jun 2022,Understanding Virtual Environments in Python
Monty Shokeen,JavaScript,13 Jun 2022,8 Best Free and Open-Source JavaScript Image Editors
Ashraff Hathibelagal,Android Templates,13 Jun 2022,How to Get Started With an Android App Template
Sven Lenaerts,Mobile Development,11 Jun 2022,How to Write a Product Feature Set
Cho S. Kim,Coding Fundamentals,6 Jun 2022,Data Structures With JavaScript: Singly-Linked List and Doubly-Linked List
Abder-Rahman Ali,Python,5 Jun 2022,How to Work With Excel Documents Using Python
Tania Rascia,Node,5 Jun 2022,Code Your First API With Node.js and Express: Set Up the Server
Franc Lucas,Plugin Development,31 May 2022,How to Find the Best WordPress Gallery Plugins for Images or Video
Jeremy McPeak,Rest API,28 May 2022,Analyzing Code With Code Detection API
Monty Shokeen,Coding Fundamentals,28 May 2022,Manipulating Images in PHP Using GD
Devon Govett,Node,20 Jun 2022,Learning Server-Side JavaScript With Node.js
Monty Shokeen,PHP Scripts,20 Jun 2022,11 Best PHP URL Shortener Scripts (Free and Premium)
Franc Lucas,PHP Scripts,20 Jun 2022,11 Best PHP Learning Management System (LMS) Scripts
Sajal Soni,Laravel,19 Jun 2022,Task Scheduling in Laravel
Monty Shokeen,Coding Fundamentals,19 Jun 2022,How to Save a File With JavaScript
Rachel McCollin,PHP,17 Jun 2022,Mastering WP_Query: Using the Loop
Esther Vaati,Ionic Templates,16 Jun 2022,15 Best Ionic App Templates (With Source Code)
Manjunath M,React,15 Jun 2022,Getting Started With Redux: Learn by Example
Franc Lucas,React Native Templates,15 Jun 2022,16 Best React Native App Templates of 2025 (+3 Free)
Barış Ünver,Rest API,15 Jun 2022,Mastering WP_Query: 10 Useful Examples
Monty Shokeen,Angular,14 Jun 2022,Creating Your First Angular App: Basics
Manjunath M,React,14 Jun 2022,Getting Started With Redux: Why Redux?
Manjunath M,React,20 Oct 2022,"Build a React App With a Laravel RESTful Back End: Part 1, Laravel 9 API"
Monty Shokeen,WordPress,20 Oct 2022,How to Get the Post ID in WordPress
Sajal Soni,Design Patterns,19 Oct 2022,Examples of Dependency Injection in PHP With Symfony Components
Sajal Soni,Databases & SQL,19 Oct 2022,Get Started With CRUD Operations in PHP MySQL Databases
Burak Guzel,Terminal and CLI,19 Oct 2022,Scheduling Tasks With Cron Jobs
Gigi Sayfan,Python,18 Oct 2022,Professional Error Handling With Python
Jamie Munro,Node,18 Oct 2022,How to Make a Real-Time Sports Application Using Node.js
Monty Shokeen,JavaScript,17 Oct 2022,"JavaScript-Based Animations Using Anime.js, Part 1: Targets and Properties"
Esther Vaati,Plugin Development,17 Oct 2022,How to Embed and Protect PDF Files With a WordPress Plugin
Jacob Jackson,Vue.js,16 Oct 2022,Create Modern Vue Apps Using Create-Vue and Vite
Rachel McCollin,Plugin Development,14 Oct 2022,WooCommerce: Adding the Product Short Description to Archive Pages
Jarkko Laine,Plugin Development,14 Oct 2022,"Build a Custom WordPress User Flow, Part 3: Password Reset"
Andrew Burgess,jQuery,30 Oct 2022,Learn JavaScript
Abder-Rahman Ali,Python,28 Oct 2022,Image Filtering in Python
Abder-Rahman Ali,Python,28 Oct 2022,Image Processing Using Python
Daniel Strongin,Theme Development,27 Oct 2022,How to Use a WordPress Plugin Detector
Tom Whitbread,CSS,27 Oct 2022,Making a Sliding Side Navigation Menu for Responsive Designs
Monty Shokeen,Animation,27 Oct 2022,"JavaScript-Based Animations Using Anime.js, Part 2: Parameters"
Alberta Williams,Coding Fundamentals,24 Oct 2022,"Learn to Code With JavaScript: Part 1, The Basics"
Lalith Polepeddi,Databases & SQL,24 Oct 2022,Relational Databases for Dummies
Monty Shokeen,Game Development,24 Oct 2022,Getting Started With Matter.js: Introduction
Vasili,Regular Expressions,23 Oct 2022,9 Regular Expressions You Should Know
Franc Lucas,PHP Scripts,22 Oct 2022,Learn Laravel
Monty Shokeen,JavaScript,21 Oct 2022,"Create Interactive Charts Using Plotly.js, Part 1: Getting Started"
Daniel Strongin,Plugin Development,29 Jun 2022,10 Best Real Estate Listing Plugins for WordPress
Abder-Rahman Ali,Python,28 Jun 2022,Sorting and Searching in Python
Wern Ancheta,React Native Development,27 Jun 2022,Get Started With React Native Layouts
Daniel Strongin,Plugin Development,27 Jun 2022,Best WordPress Widgets for 2025
Abder-Rahman Ali,Python,27 Jun 2022,How to Make Changes to Multiple Files Using Python
Franc Lucas,Plugin Development,27 Jun 2022,14 Best JavaScript Plugins to Liven Up Your WordPress Site
Jeremy McPeak,Mobile Development,26 Jun 2022,Build Native iOS and Android Apps With AppMySite
Daniel Strongin,Plugin Development,26 Jun 2022,10 Best Exit Intent Popup Plugins for WordPress
Roy Agasthyan,Coding Fundamentals,24 Jun 2022,Get a Fake REST API Up and Running Using json-server
Divya Dev,HTML,24 Jun 2022,Extending HTML by Creating Custom Tags
Kingsley Ubah,Laravel,22 Jun 2022,Building Web Applications From Scratch With Laravel
Agraj Mangal,Node,22 Jun 2022,Authenticating Node.js Applications With Passport
John Negoita,HTML,11 Jul 2022,How to Draw Bar Charts Using JavaScript and HTML5 Canvas
Monty Shokeen,Python,11 Jul 2022,List Comprehensions in Python
Franc Lucas,PHP Scripts,11 Jul 2022,9 Best PHP Blog Scripts and Blogging Platforms
Chinedu Izuchukwu,Node,8 Jul 2022,Build Web Applications Using Node.js
Abder-Rahman Ali,Python,30 Jun 2022,How to Work With JSON Data Using Python
Monty Shokeen,Coding Fundamentals,30 Jun 2022,Resize and Manipulate Images in PHP (With Examples)
Rachel McCollin,PHP,30 Jun 2022,"WP_Query Arguments: Status, Order, and Pagination"
Monty Shokeen,Coding Fundamentals,30 Jun 2022,How to Sort Arrays in PHP
Ashraff Hathibelagal,Android Templates,30 Jun 2022,How to Create an Android App Without Coding
Nitish Kumar,Tools,30 Jun 2022,Android From Scratch: Building Your First Android Application
Manjunath M,React,29 Jun 2022,Getting Started With Redux: Connecting Redux With React
Monty Shokeen,HTML,29 Jun 2022,Create an Inline Text Editor With the contentEditable Attribute
Gigi Sayfan,Python,26 Sep 2022,"How to Write, Package, and Distribute a Library in Python"
Monty Shokeen,React,26 Sep 2022,Learn React 18: Getting Started With State
Sajal Soni,PHP,26 Sep 2022,How to Use the Symfony Filesystem Component
Eric Dye,Animation,26 Sep 2022,Best CSS Animations and Effects on CodeCanyon 2025 (Paid + Free)
Ivaylo Gerchev,Vue.js,24 Sep 2022,Boost Your Vue.js Workflow With Vue CLI 3
Evgeny Poberezkin,Coding Fundamentals,24 Sep 2022,Validating Data With JSON-Schema: Part 1
Nitish Kumar,React,24 Sep 2022,Learn React 18: Passing Data With Props
Nitish Kumar,React,23 Sep 2022,Learn React 18: Separating JavaScript and JSX
Kingsley Ubah,Theme Development,23 Sep 2022,What Is the functions.php File in WordPress?
Franc Lucas,Android Templates,22 Sep 2022,"Understanding Native, WebView, and Hybrid Templates for Android Apps in 2025"
Rafael Angeline,Theme Development,22 Sep 2022,The header.php File: What Needs to Go in It and What Doesn't
Franc Lucas,PHP Scripts,21 Sep 2022,Best PHP Invoicing and Billing Scripts
Abder-Rahman Ali,Databases & SQL,13 Oct 2022,Database Handling in Python: SQLite and Redis
Shane Conder & Lauren Darcey,Tools,30 Sep 2022,Learn Java for Android Development: Introduction to Java
Ahmad Awais,WordPress,30 Sep 2022,"The Beginners Guide to WooCommerce: Product Tags, Categories & Attributes"
George-Bogdan Ivanov,Django,29 Sep 2022,Using Celery With Django for Background Task Processing
Monty Shokeen,Python,29 Sep 2022,How to Handle Exceptions in Python
Jamie Munro,Node,28 Sep 2022,Bulk Import a CSV File Into MongoDB Using Mongoose With Node.js
Daniel Strongin,Android Templates,28 Sep 2022,10 Best Android App Templates With Maps Integration
Franc Lucas,React,27 Sep 2022,Learn React 18: The Complete React Developer Course
Esther Vaati,Python,27 Sep 2022,How to Read and Write CSV Files in Python
Monty Shokeen,JavaScript,27 Sep 2022,Creating Stylish and Responsive Progress Bars Using ProgressBar.js
Adam Burucs,Databases & SQL,26 Sep 2022,Writing Custom Queries in WordPress
Gigi Sayfan,Testing,26 Sep 2022,Write Professional Unit Tests in Python
Lynda Chiwetelu,Node,25 Jul 2022,Using Passport With Sequelize and MySQL
Monty Shokeen,Coding Fundamentals,18 Jul 2022,PHP Case Statement Quick Reference
Monty Shokeen,Python,18 Jul 2022,What Are Python Namespaces (And Why Are They Needed?)
Esther Vaati,React Native Templates,18 Jul 2022,Create Your First React Native Android App
Franc Lucas,Plugin Development,18 Jul 2022,7 Best PDF Invoicing Plugins for WooCommerce and WordPress
Abder-Rahman Ali,Python,15 Jul 2022,Counting Word Frequency in a File Using Python
Monty Shokeen,Game Development,15 Jul 2022,Getting Started With Matter.js: The Body Module
Sue Smith,Android Development,13 Jul 2022,Android SDK: Creating Custom Views
Roy Agasthyan,Python,13 Jul 2022,Error Handling & Logging in Python
Abder-Rahman Ali,Python,13 Jul 2022,How to Run Unix Commands in Your Python Program
Daniel Strongin,iOS Templates,12 Jul 2022,12 Best iOS App Templates of 2025
Monty Shokeen,SVG,12 Jul 2022,A Beginner's Guide to Drawing 2D Graphics With Two.js
Rachel McCollin,Plugin Development,8 Aug 2022,How to Make a Drop-Down Menu in WordPress
Monty Shokeen,Coding Fundamentals,31 Jul 2022,Read a File Line by Line With PHP
Nitish Kumar,Android Development,31 Jul 2022,What Are Android Intents?
Andrew Burgess,JavaScript,30 Jul 2022,Build Your First JavaScript Library
Sajal Soni,PHP,29 Jul 2022,Set Up Caching in PHP With the Symfony Cache Component
Monty Shokeen,JavaScript,28 Jul 2022,8 Best Free JavaScript Graph Visualization Libraries
Franc Lucas,Plugin Development,28 Jul 2022,Guide to WordPress Event Calendar and Booking Plugins
John Negoita,HTML,28 Jul 2022,How to Draw Charts Using JavaScript and HTML5 Canvas
Sayanee Basu,JavaScript,27 Jul 2022,Getting Started With TypeScript
Ashraff Hathibelagal,React Native Templates,27 Jul 2022,How to Create a React Native Calendar Component
Ashraff Hathibelagal,Android Development,25 Jul 2022,Android From Scratch: Creating Styles and Themes
Jeff Reifman,Yii,25 Jul 2022,Introduction to the Instagram API
Tom McFarlin,PHP,31 Aug 2022,Adding Custom Hooks in WordPress: Custom Actions
Monty Shokeen,Coding Fundamentals,30 Aug 2022,How to Use async in PHP
Sajal Soni,JavaScript,30 Aug 2022,Set Up Routing in PHP Applications Using the Symfony Routing Component
Nitish Kumar,React,29 Aug 2022,Learn React 18: Building Your First React App
Burak Guzel,Databases & SQL,29 Aug 2022,SQL for Beginners: Part 3 - Database Relationships
Tania Rascia,Node,27 Aug 2022,Code Your First API With Node.js and Express: Understanding REST APIs
Gabriel Manricks,Node,27 Aug 2022,How to Create a Resumable Video Uploader in Node.js
Esther Vaati,Python,26 Aug 2022,Introduction to Network Programming in Python
Sajal Soni,PHP,26 Aug 2022,How to Use the Symfony Event Dispatcher for PHP
Chike Mgbemena,Android Templates,25 Aug 2022,9 Best Weather App Templates
Esther Vaati,Python,24 Aug 2022,Demystifying Python Recursion
Giulio Bai,jQuery,24 Aug 2022,10 Ways to Instantly Increase Your jQuery Performance
Jarrod Oberto,PHP,20 Sep 2022,Image Resizing Made Easy With PHP
Paul Trebilcox-Ruiz,Tools,19 Sep 2022,Android From Scratch: Understanding Views and View Groups
Jeffrey Way,Version Control & Git,17 Sep 2022,How to Work With GitHub and Multiple Accounts
Nitish Kumar,React,15 Sep 2022,Learn React 18: Introducing JSX
Nitish Kumar,React,11 Sep 2022,Learn React 18: Introducing Components
Jeremy McPeak,Rest API,10 Sep 2022,Analyze Recipes and Nutrition With APILayer Food APIs
Tom McFarlin,PHP,1 Sep 2022,Adding Custom Hooks in WordPress: Custom Filters
Gamux,Game Development,31 Aug 2022,Effectively Organize Your Game's Development With a Game Design Document
Nathan Umoh,HTML,31 Aug 2022,Design and Code Your First Website in 9 Easy-to-Understand Steps
Franc Lucas,iOS Templates,31 Aug 2022,Jump-Start Your Mobile App With an iOS App Template
Chinedu Izuchukwu,Node,31 Aug 2022,Site Authentication in Node.js: User Signup and Login
Franc Lucas,Vue.js,31 Aug 2022,"19 Best JavaScript Admin Templates for React, Angular, and Vue.js"
Chinedu Izuchukwu,Android Development,24 Aug 2022,What Is the Android Activity Lifecycle?
Monty Shokeen,JavaScript,24 Aug 2022,How to Use Media Queries in JavaScript
Kingsley Ubah,Tools,23 Aug 2022,Developing Google Chrome Extensions
Abder-Rahman Ali,Python,23 Aug 2022,How to Use Python to Find the Zipf Distribution of a Text File
Ashraff Hathibelagal,Android Development,23 Aug 2022,Android Sensors in Depth: Proximity and Gyroscope
Abder-Rahman Ali,Python,22 Aug 2022,How to Read Extremely Large Text Files Using Python
Franc Lucas,PHP Scripts,22 Aug 2022,10 Best Free Live Chat PHP Scripts
Franc Lucas,PHP Scripts,15 Aug 2022,10 Best Inventory and Stock Management PHP Scripts
Sajal Soni,Terminal and CLI,14 Aug 2022,How to Create Custom CLI Commands Using the Symfony Console Component
Wern Ancheta,React Native Development,11 Aug 2022,Easier React Native Development With Expo
Ashraff Hathibelagal,Tools,11 Aug 2022,Android From Scratch: How to Run Your Application on a Physical Device
Monty Shokeen,Node,8 Aug 2022,What Is JavaScript?
